Timestamp,Q1. What type of area do you live in?,Q2. What is your locality or area?,Q3. How many people live in your household?,Q4. Approximately how much household waste is generated per day?,Q5. What types of waste are commonly generated in your household?,Q6. Which type of waste is generated the most?,Q7. Do you separate waste before disposing of it?,Q8. Which types of waste do you separate?,"Q9. If you do not always segregate waste, what is the main reason?",Q10. Do you have separate bins for different types of waste?,Q11. How is waste usually collected from your area?,Q12. How frequently is waste collected?,Q13. How satisfied are you with the waste collection service?,Q14. What problems do you commonly face with waste collection?,Q15. What do you usually do with recyclable waste?,Q16. How do you dispose of electronic waste?,Q17. Do you reuse or compost household waste?,Q18. How would you rate your overall awareness of proper waste management?,Q19. Which waste management practices are you aware of?,Q20. Would you participate in a waste management awareness campaign?,Q21. What would encourage you to manage waste more responsibly?,Q22. What is the biggest waste management problem you observe in your area?,Q23. What improvement would you like to see in waste management in your area?,Email Address,Enter your email ID 
9/30/2026 20:41:02,Independent House,malad e,1 to 2,More than 3 kg,E waste,Paper or Cardboard,Often,Dry or Recyclable waste,Waste collector mixes the waste,Yes,Community collection point,Daily,3,Overflowing bins,Give it to a waste collector,Give to a scrap dealer,Sometimes,4,Composting,Yes,Separate collection for different waste types,,,,
9/30/2026 20:45:27,Apartment or Society,Lower Parel,5 to 6,Not sure,Food or Kitchen waste,Food or Kitchen waste,Never,I do not segregate waste,Other,Yes,Door to door collection,Daily,5,"Overflowing bins, Bad smell, Litter around collection points",Give it to a scrap or recycling center,Give to a scrap dealer,No,5,"Waste segregation, Recycling, Proper sanitary or hazardous waste disposal",Yes,"Better awareness, Separate collection for different waste types, Strict rules or fines",,,,
9/30/2026 20:52:44,Slum or Informal Settlement,Poisar ,5 to 6,Less than 0.5 kg,"Food or Kitchen waste, Paper or Cardboard",Food or Kitchen waste,Sometimes,Wet or Organic waste,Waste collector mixes the waste,No,Door to door collection,Daily,3,"Litter around collection points, Waste is mixed after segregation",Give it to a waste collector,Throw it with regular waste,No,4,"Waste segregation, Recycling, E waste recycling",Maybe,"Better awareness, Community awareness campaigns",,,,
9/30/2026 20:54:51,Apartment or Society,Temple,3 to 4,Less than 0.5 kg,Food or Kitchen waste,Food or Kitchen waste,Always,Wet or Organic waste,I always segregate waste,Yes,Door to door collection,Daily,4,No major problem,Give it to a scrap or recycling center,Give to a scrap dealer,No,4,"Recycling, Reusing materials, Reducing single use plastic",Yes,Strict rules or fines,Nothing,More cleaning staff,,
9/30/2026 21:03:39,Independent House,NA,3 to 4,Less than 0.5 kg,Food or Kitchen waste,Food or Kitchen waste,Always,Plastic,Lack of awareness,Yes,Door to door collection,Daily,1,Irregular collection,Give it to a waste collector,Authorized e waste collection or recycling,Yes regularly,1,Waste segregation,Yes,Better awareness,..,..,snehamishraaa07@gmail.com,
9/30/2026 21:05:54,Independent House,Mumbai ,3 to 4,0.5 to 1 kg,"Plastic, Paper or Cardboard, E waste, Sanitary waste",Food or Kitchen waste,Sometimes,"Plastic, E waste, Sanitary or Hazardous waste",Lack of separate bins,Yes,Municipal collection vehicle,Less than once a week,4,"Overflowing bins, Bad smell, Litter around collection points, Waste is mixed after segregation, Stray animals spreading waste",Give it to a scrap or recycling center,Throw it with regular waste,Sometimes,3,"Recycling, Composting, Reducing single use plastic",Maybe,"Better waste collection, More recycling facilities",Drainage System issues ,More Trucks and daily collection ,hello.teamignites@gmail.com,
9/30/2026 21:11:41,Hostel or PG,"Bibewadi, upper indira nagar ",1 to 2,Not sure,"Food or Kitchen waste, Plastic, Paper or Cardboard, Metal, Sanitary waste",Food or Kitchen waste,Always,"Wet or Organic waste, Dry or Recyclable waste, Plastic",I always segregate waste,Yes,Door to door collection,Daily,4,Bad smell,Put it with general waste,Authorized e waste collection or recycling,No,5,"Waste segregation, Recycling, Composting, Reusing materials, E waste recycling, Reducing single use plastic, Proper sanitary or hazardous waste disposal",Yes,"Better awareness, Better waste collection, Separate collection for different waste types, More recycling facilities, Clear instructions from authorities, Community awareness campaigns, Incentives or rewards, Strict rules or fines, Easier disposal facilities",,,avanijannawar07@gmail.com,
9/30/2026 21:11:45,Independent House,Yes,3 to 4,Not sure,"Food or Kitchen waste, Plastic, Paper or Cardboard, Other",Food or Kitchen waste,Sometimes,Plastic,Lack of awareness,No,Municipal collection vehicle,Once a week,2,Irregular collection,Give it to a scrap or recycling center,Throw it with regular waste,Yes regularly,3,Reusing materials,Maybe,Separate collection for different waste types,Awareness ,,lakushyadav047@gmail.com,
9/30/2026 21:14:50,Apartment or Society,Mira Road,3 to 4,Not sure,"Food or Kitchen waste, Plastic, Paper or Cardboard",Paper or Cardboard,Sometimes,"Wet or Organic waste, Dry or Recyclable waste, Plastic",Lack of awareness,Only for some types,Door to door collection,Several times a week,2,Irregular collection,Give it to a waste collector,Authorized e waste collection or recycling,Yes regularly,1,Composting,Maybe,"Better awareness, Separate collection for different waste types",Don't know,Yoo,chetandubey106@gmail.com,
9/30/2026 21:18:36,Independent House,Kurar,3 to 4,Not sure,"Food or Kitchen waste, Plastic",Other,Rarely,Dry or Recyclable waste,Lack of awareness,Yes,Door to door collection,Daily,3,"Irregular collection, Other",Store it at home,Authorized e waste collection or recycling,Yes regularly,4,Reducing single use plastic,Yes,Better awareness,,,abhishekyadav81082182@gmail.com,
9/30/2026 21:27:29,Apartment or Society,Khar east ,3 to 4,Less than 0.5 kg,"Food or Kitchen waste, Paper or Cardboard, Sanitary waste, Garden waste",Food or Kitchen waste,Rarely,E waste,Lack of separate bins,No,Door to door collection,Daily,5,"Irregular collection, Overflowing bins, Bad smell, Litter around collection points, Stray animals spreading waste, No major problem",Give it to a scrap or recycling center,Not applicable,No,4,"Waste segregation, Recycling, Composting, Reusing materials, E waste recycling",Maybe,"Better awareness, Better waste collection, More recycling facilities",Not proper e waste management ,Proper collection of waste and management ,yaayush0700@gmail.com,
9/30/2026 21:37:59,Apartment or Society,Hanuman nagar,3 to 4,Not sure,Food or Kitchen waste,Food or Kitchen waste,Sometimes,I do not segregate waste,No proper collection system,No,Door to door collection,Daily,4,No major problem,Give it to a waste collector,Authorized e waste collection or recycling,Yes regularly,3,Reusing materials,Maybe,Clear instructions from authorities,The garbage collector ,Teach everybody about waste management ,navinpal270@gmail.com,
9/30/2026 21:40:09,Independent House,Chaitanyapuri ,5 to 6,1 to 2 kg,"Food or Kitchen waste, Plastic, Paper or Cardboard, Sanitary waste",Food or Kitchen waste,Never,I do not segregate waste,Lack of awareness,No,Door to door collection,Once a week,4,Bad smell,Give it to a waste collector,Authorized e waste collection or recycling,Sometimes,1,"Waste segregation, Recycling, Composting, Reusing materials",Yes,"Better awareness, Better waste collection, Separate collection for different waste types, More recycling facilities, Clear instructions from authorities, Community awareness campaigns, Incentives or rewards, Strict rules or fines, Easier disposal facilities",Smell,Proper waste segregation awareness,siddharththoom08@gmail.com,
9/30/2026 21:43:51,Apartment or Society,Girgaon chowpatty mumbai ,3 to 4,0.5 to 1 kg,"Food or Kitchen waste, Plastic",Food or Kitchen waste,Often,Wet or Organic waste,Waste collector mixes the waste,No,Community collection point,Daily,5,No major problem,Give it to a waste collector,Authorized e waste collection or recycling,Sometimes,5,"Waste segregation, Recycling, Composting, Reusing materials, E waste recycling, Reducing single use plastic",Maybe,Separate collection for different waste types,,,deepdighe75@gmail.com,
9/30/2026 21:45:17,Apartment or Society,Mira Road,3 to 4,Not sure,Other,Other,Never,Other,Other,No,Other,Not sure,5,Other,Other,Other,No,5,None of these,No,Other,,,isthtzeeshan@gmail.com,
9/30/2026 21:45:34,Independent House,Kandivali Hanuman nagar,3 to 4,0.5 to 1 kg,"Food or Kitchen waste, Plastic",Food or Kitchen waste,Rarely,I do not segregate waste,Other,No,Municipal collection vehicle,Daily,3,"Bad smell, Litter around collection points",Put it with general waste,Authorized e waste collection or recycling,No,3,"Reducing single use plastic, None of these",Maybe,"Better awareness, Other",,,hemantshrivastav10th@gmail.com,
9/30/2026 21:46:54,Apartment or Society,Lpu,7 or more,Less than 0.5 kg,Paper or Cardboard,Paper or Cardboard,Often,Dry or Recyclable waste,Lack of separate bins,No,Community collection point,Less than once a week,3,Collection delays,Give it to a scrap or recycling center,Throw it with regular waste,Yes regularly,2,Composting,Maybe,More recycling facilities,Waste management ,Society enhancement ,gauravraj9104@gmail.com,
9/30/2026 21:51:00,Apartment or Society,Bhayandar East,3 to 4,0.5 to 1 kg,"Food or Kitchen waste, Paper or Cardboard",Food or Kitchen waste,Always,"Wet or Organic waste, Plastic, Sanitary or Hazardous waste, Other",I always segregate waste,Yes,Door to door collection,Several times a week,4,"Overflowing bins, Bad smell, Litter around collection points, Collection delays, Waste is mixed after segregation, Stray animals spreading waste, Other",Give it to a waste collector,Give to a scrap dealer,Sometimes,4,"Waste segregation, Composting, Proper sanitary or hazardous waste disposal",No,"Better awareness, Separate collection for different waste types, Other",Actually once when the waste gets collected public thinks that they have got the permit to throw it randomly at any place.,Public should realise the Importance of waste management. Not as a heavy task on them as Govt lay Heavy taxes but as a responsibility To live in a clean and playful Environment. which Will not only benefit them but the others too ,aashutoshmishra2008@gmail.com,
9/30/2026 21:53:42,Apartment or Society,Mira road (e),3 to 4,Less than 0.5 kg,"Food or Kitchen waste, Plastic, Paper or Cardboard, E waste, Garden waste, Other",E waste,Always,"Wet or Organic waste, Dry or Recyclable waste, E waste",Lack of separate bins,Yes,Door to door collection,Daily,3,"Overflowing bins, Bad smell, Waste is mixed after segregation",Put it with general waste,Throw it with regular waste,Yes regularly,3,"Waste segregation, Reusing materials, E waste recycling",Yes,Clear instructions from authorities,,,krunalchikhale4526@gmail.com,
9/30/2026 21:54:04,Independent House,Manvelpada ,3 to 4,Not sure,"Food or Kitchen waste, Paper or Cardboard, Metal, E waste, Garden waste",Food or Kitchen waste,Sometimes,"Wet or Organic waste, Dry or Recyclable waste, E waste",Waste collector mixes the waste,No,Door to door collection,Daily,4,"Irregular collection, Overflowing bins, Bad smell, Waste is mixed after segregation, Stray animals spreading waste",Give it to a scrap or recycling center,Give to a scrap dealer,Sometimes,3,"Waste segregation, Recycling, Reusing materials, E waste recycling, Reducing single use plastic, Proper sanitary or hazardous waste disposal",Maybe,"Better awareness, Better waste collection, More recycling facilities, Community awareness campaigns, Incentives or rewards","Overfilling dustbin, strong smell, not collecting waste at proper way ",,r17790503@gmail.com,
9/30/2026 21:55:38,Apartment or Society,Gorai,3 to 4,0.5 to 1 kg,"Food or Kitchen waste, Plastic, Paper or Cardboard",Food or Kitchen waste,Often,"Plastic, E waste",Waste collector mixes the waste,No,Door to door collection,Daily,3,No major problem,Give it to a scrap or recycling center,Give to a scrap dealer,No,3,"Waste segregation, Recycling, Composting, Reusing materials, E waste recycling, Reducing single use plastic",Maybe,"Better waste collection, Separate collection for different waste types, More recycling facilities, Clear instructions from authorities",.,.,ayushvp857@gmail.com,
9/30/2026 21:57:24,Independent House,PALAKOLLU ,1 to 2,Not sure,"Food or Kitchen waste, Plastic, Other",Plastic,Sometimes,Plastic,Other,No,Municipal collection vehicle,Daily,2,"Irregular collection, Bad smell, Waste is mixed after segregation, No major problem",Other,Authorized e waste collection or recycling,I am interested in doing so,2,None of these,No,"Better awareness, Better waste collection","The common waste management problems in Housing Board Colony, Palakollu, include:
Irregular Garbage Collection: Inconsistent municipal collection schedules leading to waste accumulation.
Open Waste Dumping: Overflowing public bins and roadside dumping creating unhygienic surroundings and foul odors.
Poor Segregation: Lack of proper separation between wet (biodegradable) and dry (plastic/non-biodegradable) waste at the household level.
Clogged Drainage Systems: Plastic bags and uncollected rubbish clogging open drains, causing waterlogging during rain.","I would like to see strictly daily door-to-door waste collection and more public segregated trash bins for wet, dry, and recyclable waste.",rushadshaiknihalnihal72@gmail.com,
9/30/2026 21:57:54,Apartment or Society,Kandivali East ,3 to 4,Less than 0.5 kg,"Food or Kitchen waste, Plastic, Sanitary waste",Food or Kitchen waste,Often,Wet or Organic waste,Lack of time or convenience,Only for some types,Door to door collection,Daily,1,No major problem,Give it to a waste collector,Give to a scrap dealer,No,3,"Waste segregation, Recycling",Maybe,"Better waste collection, More recycling facilities, Community awareness campaigns",,,amritassingh1200@gmail.com,
9/30/2026 21:59:31,Apartment or Society,Tisgao,3 to 4,Less than 0.5 kg,"Plastic, Paper or Cardboard, Garden waste",Food or Kitchen waste,Often,Plastic,I always segregate waste,Only for some types,Municipal collection vehicle,Daily,3,"Overflowing bins, Bad smell, Collection delays",Store it at home,Store it at home,Sometimes,4,"Composting, Reducing single use plastic",Maybe,"More recycling facilities, Incentives or rewards",No Dustbin,Dustbin,sanjaykolapkar28@gmail.com,
9/30/2026 22:01:22,Apartment or Society,Evershine city ,3 to 4,0.5 to 1 kg,"Food or Kitchen waste, Sanitary waste",Food or Kitchen waste,Never,I do not segregate waste,No proper collection system,No,Door to door collection,Daily,5,Bad smell,Give it to a waste collector,Throw it with regular waste,No,1,Waste segregation,Yes,"Better waste collection, Separate collection for different waste types, Clear instructions from authorities",,,shoubhitraj@gmail.com,
9/30/2026 22:01:31,Independent House,Kandivali,3 to 4,Less than 0.5 kg,Food or Kitchen waste,Food or Kitchen waste,Often,Dry or Recyclable waste,Lack of separate bins,Yes,Municipal collection vehicle,Several times a week,5,Bad smell,Put it with general waste,Throw it with regular waste,Sometimes,5,E waste recycling,Yes,Clear instructions from authorities,,,piyush8369555@gmail.com,
9/30/2026 22:02:15,Independent House,Shivaji nagar ,5 to 6,0.5 to 1 kg,"Food or Kitchen waste, Plastic, Sanitary waste",Food or Kitchen waste,Often,Wet or Organic waste,Lack of time or convenience,No,Door to door collection,Daily,4,"Irregular collection, Bad smell, Collection delays, Waste is mixed after segregation",Store it at home,Store it at home,Sometimes,1,Composting,Maybe,"Separate collection for different waste types, Clear instructions from authorities, Incentives or rewards, Easier disposal facilities",,,princeagrahari8f@gmail.com,
9/30/2026 22:32:31,Independent House,Samta nagar,7 or more,Less than 0.5 kg,Food or Kitchen waste,Food or Kitchen waste,Always,Wet or Organic waste,I always segregate waste,No,Door to door collection,Daily,4,Bad smell,Give it to a scrap or recycling center,Give to a scrap dealer,No,3,Recycling,Maybe,Better awareness,,,rexmeg185@gmail.com,
9/30/2026 22:42:10,Hostel or PG,Nallasopara ,3 to 4,2 to 3 kg,Food or Kitchen waste,Paper or Cardboard,Sometimes,I do not segregate waste,Lack of separate bins,Yes,Door to door collection,Less than once a week,2,Stray animals spreading waste,Other,Other,Yes regularly,3,Reducing single use plastic,Maybe,Separate collection for different waste types,Lack of awareness of  how to minimize those things.,,hackeramit1729@gmail.com,
9/30/2026 22:43:51,Apartment or Society,Nsp,5 to 6,Not sure,Other,Other,Often,Dry or Recyclable waste,Lack of separate bins,Yes,Private waste collector,Once a week,3,Other,Give it to a scrap or recycling center,Throw it with regular waste,Sometimes,3,Reusing materials,Maybe,Better waste collection,“Improper waste segregation and irregular garbage collection are the biggest waste management problems in my area.”,I would like  to see regular garbage collection proper waste segregation more cycling facilities better cleanliness in the area ,d4787271@gmail.com,
9/30/2026 22:50:23,Hostel or PG,Bibewadi pune,1 to 2,1 to 2 kg,"Food or Kitchen waste, Plastic, Glass, Sanitary waste",Food or Kitchen waste,Always,"Wet or Organic waste, Dry or Recyclable waste",Waste collector mixes the waste,Yes,Municipal collection vehicle,Several times a week,5,"Irregular collection, Overflowing bins, Bad smell, Litter around collection points, Collection delays, Waste is mixed after segregation, Lack of collection facilities, Stray animals spreading waste, No major problem",Give it to a scrap or recycling center,Authorized e waste collection or recycling,Yes regularly,5,"Waste segregation, Recycling, Composting, Reusing materials, E waste recycling, Reducing single use plastic, Proper sanitary or hazardous waste disposal",Yes,"Better awareness, Better waste collection, Separate collection for different waste types, More recycling facilities, Clear instructions from authorities, Community awareness campaigns, Incentives or rewards, Strict rules or fines, Easier disposal facilities",lack of proper source segregation,"stricter source segregation, reliable door-to-door collection, and expanded local recycling facilities.",aryajannawar07@gmail.com,
9/30/2026 22:59:04,Apartment or Society,Ramdev park,3 to 4,Not sure,"Food or Kitchen waste, Plastic, Paper or Cardboard, Metal, E waste",Plastic,Often,"Wet or Organic waste, Dry or Recyclable waste, Sanitary or Hazardous waste",I always segregate waste,Only for some types,Door to door collection,Daily,3,"Irregular collection, Bad smell, Litter around collection points, Stray animals spreading waste",Give it to a scrap or recycling center,Give to a scrap dealer,No,3,Composting,Maybe,"More recycling facilities, Community awareness campaigns, Strict rules or fines",,,omika8564@gmail.com,
9/30/2026 22:59:21,Apartment or Society,Phoolpada road ,3 to 4,Not sure,"Food or Kitchen waste, Paper or Cardboard",Other,Rarely,"Wet or Organic waste, Dry or Recyclable waste, Plastic",Waste collector mixes the waste,No,Door to door collection,Daily,5,"Litter around collection points, Waste is mixed after segregation",Give it to a scrap or recycling center,Give to a scrap dealer,Sometimes,4,"Waste segregation, Recycling, Composting, Reusing materials, E waste recycling, Reducing single use plastic, Proper sanitary or hazardous waste disposal",Maybe,"Better awareness, More recycling facilities, Clear instructions from authorities, Easier disposal facilities",Garbage outside Dustbin areas,Awareness,akhilgnair2006@gmail.com,
9/30/2026 23:19:04,Apartment or Society,"New panvel , Navi mumbai ",3 to 4,0.5 to 1 kg,"Food or Kitchen waste, Plastic",Plastic,Always,"Wet or Organic waste, Dry or Recyclable waste",I always segregate waste,Yes,Door to door collection,Daily,3,Waste is mixed after segregation,Give it to a waste collector,Throw it with regular waste,Sometimes,3,"Waste segregation, Recycling, Reusing materials, E waste recycling",Maybe,"Better awareness, Better waste collection, Separate collection for different waste types, More recycling facilities, Strict rules or fines",No proper waste partition . Most of the dry waste is recyclable but it isn't being recycled or refused .,Solve the problem I told above ,anushkaapatil06@gmail.com,
9/30/2026 23:23:32,Apartment or Society,Charkop Sector 7,3 to 4,Less than 0.5 kg,"Plastic, Paper or Cardboard",Food or Kitchen waste,Always,"Wet or Organic waste, Dry or Recyclable waste, Plastic",Lack of separate bins,Only for some types,Door to door collection,Daily,4,"Overflowing bins, Bad smell, Litter around collection points",Give it to a waste collector,Authorized e waste collection or recycling,Yes regularly,5,"Recycling, Composting, Reusing materials",Yes,"Better awareness, Better waste collection",Lack of bins,Improve of bins,sohamsharma1811@gmail.com,
9/30/2026 23:45:09,Apartment or Society,Nalasopara ,3 to 4,1 to 2 kg,Food or Kitchen waste,Food or Kitchen waste,Always,Wet or Organic waste,I always segregate waste,Yes,Door to door collection,Daily,4,Bad smell,Put it with general waste,Give to a scrap dealer,Yes regularly,2,E waste recycling,Yes,Better waste collection,Nothing ,Nothing ,202503012@tsdcmumbai.in,
10/1/2026 0:15:11,Apartment or Society,Lokhandwala,7 or more,1 to 2 kg,Plastic,Plastic,Always,"Wet or Organic waste, Dry or Recyclable waste, Plastic",Lack of awareness,Yes,Municipal collection vehicle,No regular collection,1,Irregular collection,Put it with general waste,Authorized e waste collection or recycling,Yes regularly,1,Reusing materials,Yes,Better awareness,Not a separate plastic waste collector ,Awareness ,ambreadhishree@gmail.com,
10/1/2026 8:45:53,Apartment or Society,Borivali,5 to 6,0.5 to 1 kg,"Food or Kitchen waste, Plastic, Paper or Cardboard, Sanitary waste",Food or Kitchen waste,Always,"Wet or Organic waste, Dry or Recyclable waste",Waste collector mixes the waste,Yes,Door to door collection,Several times a week,3,"Litter around collection points, Collection delays, Lack of collection facilities",Give it to a waste collector,Give to a scrap dealer,Yes regularly,3,"Recycling, Reducing single use plastic",Maybe,"Separate collection for different waste types, Community awareness campaigns, Strict rules or fines",NA,NA,sanskriti6january@gmail.com,
10/1/2026 8:46:55,Hostel or PG,Not,3 to 4,1 to 2 kg,Paper or Cardboard,Paper or Cardboard,Sometimes,Plastic,Waste collector mixes the waste,No,Municipal collection vehicle,Once a week,3,Waste is mixed after segregation,Put it with general waste,Store it at home,Sometimes,5,E waste recycling,Maybe,More recycling facilities,no,n9,balajieaswararaj05681@gmail.com,
10/1/2026 8:50:33,Apartment or Society,Titwala ,3 to 4,Less than 0.5 kg,"Food or Kitchen waste, Plastic",Food or Kitchen waste,Often,Wet or Organic waste,Lack of awareness,No,Municipal collection vehicle,Daily,3,Irregular collection,Give it to a scrap or recycling center,Give to a scrap dealer,Yes regularly,1,Waste segregation,Yes,Better awareness,Na,,amitg30600@gmail.com,
10/1/2026 9:34:21,Apartment or Society,Nallasopara ,3 to 4,Less than 0.5 kg,Plastic,Glass,Rarely,Other,Waste collector mixes the waste,No,Door to door collection,Daily,4,"Irregular collection, Overflowing bins, Bad smell",Put it with general waste,Not applicable,No,3,Recycling,Maybe,Clear instructions from authorities,Ddff,Yyyyu,sonamgupta052505@gmail.com,
10/1/2026 10:37:15,Apartment or Society,Chawl,1 to 2,1 to 2 kg,Paper or Cardboard,Paper or Cardboard,Often,Plastic,Waste collector mixes the waste,Yes,Municipal collection vehicle,Less than once a week,3,Overflowing bins,Put it with general waste,Throw it with regular waste,Sometimes,2,Reusing materials,Maybe,More recycling facilities,,,ayushsanjayt@gmail.com,
10/1/2026 10:38:51,Other,Shimpoil ,3 to 4,Not sure,"Plastic, Other",Plastic,Never,Other,Other,Only for some types,Municipal collection vehicle,Not sure,1,Other,Other,Other,No,5,"Recycling, None of these",Yes,"Better awareness, More recycling facilities, Other",Plastic ,Always clean the area regularly ,suhanarajbhar27@gmail.com,
10/1/2026 14:47:26,Apartment or Society,Palava City,3 to 4,0.5 to 1 kg,"Food or Kitchen waste, Plastic, Paper or Cardboard, Sanitary waste",Food or Kitchen waste,Often,"Wet or Organic waste, Dry or Recyclable waste, Sanitary or Hazardous waste",No proper collection system,Only for some types,Door to door collection,Daily,4,Lack of collection facilities,Give it to a scrap or recycling center,Give to a scrap dealer,I am interested in doing so,4,"Waste segregation, Recycling, Composting, Reusing materials, Reducing single use plastic, Proper sanitary or hazardous waste disposal",Yes,"Better awareness, Better waste collection, Separate collection for different waste types, More recycling facilities, Community awareness campaigns, Incentives or rewards, Easier disposal facilities",People are not encouraged to keep their waste segregated and nor is it collected separately. Less recycling options nearby,"More recycling options, eg. people from recycling companies come to societies come and collect the goods twice a month, and more importantly waste collectors should strictly accept segregated waste.",aahaanagupt@gmail.com,
10/1/2026 17:42:15,Apartment or Society,Vaman Dhaba,5 to 6,Not sure,Food or Kitchen waste,Food or Kitchen waste,Never,I do not segregate waste,No proper collection system,No,Door to door collection,Daily,5,"Irregular collection, Overflowing bins, Bad smell",Give it to a scrap or recycling center,Give to a scrap dealer,Sometimes,5,"Waste segregation, Recycling, Composting",Yes,"Better awareness, Better waste collection, Separate collection for different waste types, More recycling facilities",Improper disposal of waste and littering in public places.,"I would like regular waste collection, more dustbins, and proper segregation of wet and dry waste.",singhshraddhadharmendra@gmail.com,
10/1/2026 20:21:08,Apartment or Society,"Andheri West, Mumbai",3 to 4,,,,,,,,,,,,,,,,,,,,,,
10/1/2026 20:21:44,Apartment or Society,"Andheri East, Mumbai",3 to 4,,,,,,,,,,,,,,,,,,,,,,
10/1/2026 20:21:44,Hostel or PG,"Juhu, Mumbai",3 to 4,,,,,,,,,,,,,,,,,,,,,,
10/1/2026 20:21:44,Apartment or Society,"Prabhadevi, Mumbai",1 to 2,,,,,,,,,,,,,,,,,,,,,,
10/1/2026 20:21:44,Independent House,"Chembur, Mumbai",5 to 6,,,,,,,,,,,,,,,,,,,,,,
10/1/2026 20:21:45,Hostel or PG,"Malad West, Mumbai",3 to 4,,,,,,,,,,,,,,,,,,,,,,
10/1/2026 20:21:45,Apartment or Society,"Ghatkopar East, Mumbai",3 to 4,,,,,,,,,,,,,,,,,,,,,,
10/1/2026 20:21:45,Independent House,"Colaba, Mumbai",1 to 2,,,,,,,,,,,,,,,,,,,,,,
10/1/2026 20:21:45,Apartment or Society,"Wadala, Mumbai",3 to 4,,,,,,,,,,,,,,,,,,,,,,
10/1/2026 20:21:46,Apartment or Society,"Powai, Mumbai",5 to 6,,,,,,,,,,,,,,,,,,,,,,
10/1/2026 20:21:46,Independent House,"Malad West, Mumbai",3 to 4,,,,,,,,,,,,,,,,,,,,,,
10/1/2026 20:21:46,Apartment or Society,"Vile Parle East, Mumbai",1 to 2,,,,,,,,,,,,,,,,,,,,,,
10/1/2026 20:21:46,Apartment or Society,"Chembur, Mumbai",3 to 4,,,,,,,,,,,,,,,,,,,,,,
10/1/2026 20:21:47,Independent House,"Juhu, Mumbai",7 or more,,,,,,,,,,,,,,,,,,,,,,
10/1/2026 20:21:48,Hostel or PG,"Prabhadevi, Mumbai",3 to 4,,,,,,,,,,,,,,,,,,,,,,
10/1/2026 20:21:48,Independent House,"Dahisar East, Mumbai",5 to 6,,,,,,,,,,,,,,,,,,,,,,
10/1/2026 20:21:48,Slum or Informal Settlement,"Lower Parel, Mumbai",1 to 2,,,,,,,,,,,,,,,,,,,,,,
10/1/2026 20:21:49,Apartment or Society,"Ghatkopar West, Mumbai",1 to 2,,,,,,,,,,,,,,,,,,,,,,
10/1/2026 20:21:49,Apartment or Society,"Wadala, Mumbai",3 to 4,,,,,,,,,,,,,,,,,,,,,,
10/1/2026 20:21:49,Slum or Informal Settlement,"Borivali West, Mumbai",3 to 4,,,,,,,,,,,,,,,,,,,,,,
10/1/2026 20:21:49,Apartment or Society,"Bhandup West, Mumbai",5 to 6,,,,,,,,,,,,,,,,,,,,,,
10/1/2026 20:21:50,Apartment or Society,"Vile Parle East, Mumbai",3 to 4,,,,,,,,,,,,,,,,,,,,,,
10/1/2026 20:21:50,Apartment or Society,"Lower Parel, Mumbai",3 to 4,,,,,,,,,,,,,,,,,,,,,,
10/1/2026 20:21:50,Apartment or Society,"Sion, Mumbai",5 to 6,,,,,,,,,,,,,,,,,,,,,,
10/1/2026 20:21:51,Slum or Informal Settlement,"Dadar West, Mumbai",3 to 4,,,,,,,,,,,,,,,,,,,,,,
10/1/2026 20:21:51,Apartment or Society,"Ghatkopar West, Mumbai",3 to 4,,,,,,,,,,,,,,,,,,,,,,
10/1/2026 20:21:51,Apartment or Society,"Borivali East, Mumbai",5 to 6,,,,,,,,,,,,,,,,,,,,,,
10/1/2026 20:21:51,Apartment or Society,"Lower Parel, Mumbai",1 to 2,,,,,,,,,,,,,,,,,,,,,,
10/1/2026 20:21:52,Apartment or Society,"Kandivali West, Mumbai",1 to 2,,,,,,,,,,,,,,,,,,,,,,
10/1/2026 20:21:53,Apartment or Society,"Goregaon West, Mumbai",1 to 2,,,,,,,,,,,,,,,,,,,,,,
10/1/2026 20:21:53,Apartment or Society,"Vikhroli, Mumbai",3 to 4,,,,,,,,,,,,,,,,,,,,,,
10/1/2026 20:21:53,Apartment or Society,"Malad East, Mumbai",1 to 2,,,,,,,,,,,,,,,,,,,,,,
10/1/2026 20:21:53,Apartment or Society,"Kurla West, Mumbai",1 to 2,,,,,,,,,,,,,,,,,,,,,,
10/1/2026 20:21:54,Independent House,"Malad East, Mumbai",1 to 2,,,,,,,,,,,,,,,,,,,,,,
10/1/2026 20:21:54,Hostel or PG,"Colaba, Mumbai",1 to 2,,,,,,,,,,,,,,,,,,,,,,
10/1/2026 20:21:54,Apartment or Society,"Kurla West, Mumbai",3 to 4,,,,,,,,,,,,,,,,,,,,,,
10/1/2026 20:21:54,Apartment or Society,"Borivali West, Mumbai",3 to 4,,,,,,,,,,,,,,,,,,,,,,
10/1/2026 20:21:55,Apartment or Society,"Santacruz West, Mumbai",3 to 4,,,,,,,,,,,,,,,,,,,,,,
10/1/2026 20:21:55,Apartment or Society,"Vikhroli, Mumbai",3 to 4,,,,,,,,,,,,,,,,,,,,,,
10/1/2026 20:21:55,Hostel or PG,"Dahisar East, Mumbai",5 to 6,,,,,,,,,,,,,,,,,,,,,,
10/1/2026 20:21:56,Apartment or Society,"Colaba, Mumbai",7 or more,,,,,,,,,,,,,,,,,,,,,,
10/1/2026 20:21:57,Apartment or Society,"Thane West (MMR), Mumbai",3 to 4,,,,,,,,,,,,,,,,,,,,,,
10/1/2026 20:21:57,Apartment or Society,"Bandra East, Mumbai",3 to 4,,,,,,,,,,,,,,,,,,,,,,
10/1/2026 20:21:57,Apartment or Society,"Malad East, Mumbai",3 to 4,,,,,,,,,,,,,,,,,,,,,,
10/1/2026 20:21:57,Slum or Informal Settlement,"Ghatkopar East, Mumbai",1 to 2,,,,,,,,,,,,,,,,,,,,,,
10/1/2026 20:21:58,Independent House,"Bhandup West, Mumbai",7 or more,,,,,,,,,,,,,,,,,,,,,,
10/1/2026 20:21:58,Apartment or Society,"Lower Parel, Mumbai",5 to 6,,,,,,,,,,,,,,,,,,,,,,
10/1/2026 20:21:58,Apartment or Society,"Vile Parle East, Mumbai",3 to 4,,,,,,,,,,,,,,,,,,,,,,
10/1/2026 20:21:58,Apartment or Society,"Powai, Mumbai",3 to 4,,,,,,,,,,,,,,,,,,,,,,
10/1/2026 20:21:59,Apartment or Society,"Goregaon East, Mumbai",3 to 4,,,,,,,,,,,,,,,,,,,,,,
10/1/2026 20:21:59,Slum or Informal Settlement,"Byculla, Mumbai",1 to 2,,,,,,,,,,,,,,,,,,,,,,
10/1/2026 20:21:59,Independent House,"Santacruz East, Mumbai",3 to 4,,,,,,,,,,,,,,,,,,,,,,
10/1/2026 20:21:59,Apartment or Society,"Malad West, Mumbai",7 or more,,,,,,,,,,,,,,,,,,,,,,
10/1/2026 20:22:00,Apartment or Society,"Matunga, Mumbai",3 to 4,,,,,,,,,,,,,,,,,,,,,,
10/1/2026 20:22:00,Hostel or PG,"Worli, Mumbai",5 to 6,,,,,,,,,,,,,,,,,,,,,,
10/1/2026 20:22:00,Apartment or Society,"Dadar East, Mumbai",3 to 4,,,,,,,,,,,,,,,,,,,,,,
10/1/2026 20:22:01,Slum or Informal Settlement,"Malad East, Mumbai",3 to 4,,,,,,,,,,,,,,,,,,,,,,
10/1/2026 20:22:02,Independent House,"Juhu, Mumbai",5 to 6,,,,,,,,,,,,,,,,,,,,,,
10/1/2026 20:22:02,Independent House,"Andheri East, Mumbai",1 to 2,,,,,,,,,,,,,,,,,,,,,,
10/1/2026 20:22:02,Apartment or Society,"Ghatkopar West, Mumbai",3 to 4,,,,,,,,,,,,,,,,,,,,,,
10/1/2026 20:22:02,Hostel or PG,"Santacruz West, Mumbai",3 to 4,,,,,,,,,,,,,,,,,,,,,,
10/1/2026 20:22:03,Independent House,"Santacruz East, Mumbai",3 to 4,,,,,,,,,,,,,,,,,,,,,,
10/1/2026 20:22:04,Apartment or Society,"Andheri West, Mumbai",5 to 6,,,,,,,,,,,,,,,,,,,,,,
10/1/2026 20:22:04,Apartment or Society,"Lower Parel, Mumbai",1 to 2,,,,,,,,,,,,,,,,,,,,,,
10/1/2026 20:22:04,Apartment or Society,"Santacruz West, Mumbai",1 to 2,,,,,,,,,,,,,,,,,,,,,,
10/1/2026 20:22:06,Apartment or Society,"Chembur, Mumbai",1 to 2,,,,,,,,,,,,,,,,,,,,,,
10/1/2026 20:22:07,Apartment or Society,"Vile Parle West, Mumbai",3 to 4,,,,,,,,,,,,,,,,,,,,,,
10/1/2026 20:22:07,Apartment or Society,"Girgaon, Mumbai",1 to 2,,,,,,,,,,,,,,,,,,,,,,
10/1/2026 20:22:08,Apartment or Society,"Charni Road, Mumbai",3 to 4,,,,,,,,,,,,,,,,,,,,,,
10/1/2026 20:22:08,Apartment or Society,"Mahim, Mumbai",3 to 4,,,,,,,,,,,,,,,,,,,,,,
10/1/2026 20:22:09,Apartment or Society,"Charni Road, Mumbai",1 to 2,,,,,,,,,,,,,,,,,,,,,,
10/1/2026 20:22:09,Apartment or Society,"Dadar West, Mumbai",3 to 4,,,,,,,,,,,,,,,,,,,,,,
10/1/2026 20:22:09,Apartment or Society,"Mahim, Mumbai",3 to 4,,,,,,,,,,,,,,,,,,,,,,
10/1/2026 20:22:09,Apartment or Society,"Santacruz East, Mumbai",3 to 4,,,,,,,,,,,,,,,,,,,,,,
10/1/2026 20:22:10,Hostel or PG,"Dahisar East, Mumbai",1 to 2,,,,,,,,,,,,,,,,,,,,,,
10/1/2026 20:22:10,Apartment or Society,"Dahisar East, Mumbai",1 to 2,,,,,,,,,,,,,,,,,,,,,,
10/1/2026 20:22:10,Apartment or Society,"Ghatkopar West, Mumbai",3 to 4,,,,,,,,,,,,,,,,,,,,,,
10/1/2026 20:22:11,Apartment or Society,"Dadar East, Mumbai",3 to 4,,,,,,,,,,,,,,,,,,,,,,
10/1/2026 20:22:11,Apartment or Society,"Dadar East, Mumbai",5 to 6,,,,,,,,,,,,,,,,,,,,,,
10/1/2026 20:22:11,Apartment or Society,"Santacruz East, Mumbai",5 to 6,,,,,,,,,,,,,,,,,,,,,,
10/1/2026 20:22:11,Apartment or Society,"Lower Parel, Mumbai",3 to 4,,,,,,,,,,,,,,,,,,,,,,
10/1/2026 20:22:12,Slum or Informal Settlement,"Byculla, Mumbai",3 to 4,,,,,,,,,,,,,,,,,,,,,,
10/1/2026 20:22:12,Hostel or PG,"Sion, Mumbai",3 to 4,,,,,,,,,,,,,,,,,,,,,,
10/1/2026 20:22:12,Apartment or Society,"Ghatkopar West, Mumbai",3 to 4,,,,,,,,,,,,,,,,,,,,,,
10/1/2026 20:22:12,Hostel or PG,"Kurla West, Mumbai",3 to 4,,,,,,,,,,,,,,,,,,,,,,
10/1/2026 20:22:13,Apartment or Society,"Ghatkopar East, Mumbai",7 or more,,,,,,,,,,,,,,,,,,,,,,
10/1/2026 20:22:13,Apartment or Society,"Matunga, Mumbai",1 to 2,,,,,,,,,,,,,,,,,,,,,,
10/1/2026 20:22:13,Independent House,"Santacruz East, Mumbai",3 to 4,,,,,,,,,,,,,,,,,,,,,,
10/1/2026 20:22:13,Hostel or PG,"Lower Parel, Mumbai",1 to 2,,,,,,,,,,,,,,,,,,,,,,
10/1/2026 20:22:14,Independent House,"Matunga, Mumbai",7 or more,,,,,,,,,,,,,,,,,,,,,,
10/1/2026 20:22:15,Apartment or Society,"Dadar West, Mumbai",1 to 2,,,,,,,,,,,,,,,,,,,,,,
10/1/2026 20:22:14,Slum or Informal Settlement,"Sion, Mumbai",3 to 4,,,,,,,,,,,,,,,,,,,,,,
10/1/2026 20:22:15,Apartment or Society,"Wadala, Mumbai",3 to 4,,,,,,,,,,,,,,,,,,,,,,
10/1/2026 20:22:15,Apartment or Society,"Prabhadevi, Mumbai",3 to 4,,,,,,,,,,,,,,,,,,,,,,
10/1/2026 20:22:15,Apartment or Society,"Wadala, Mumbai",5 to 6,,,,,,,,,,,,,,,,,,,,,,
10/1/2026 20:22:16,Apartment or Society,"Ghatkopar East, Mumbai",3 to 4,,,,,,,,,,,,,,,,,,,,,,
10/1/2026 20:22:16,Apartment or Society,"Wadala, Mumbai",3 to 4,,,,,,,,,,,,,,,,,,,,,,
10/1/2026 20:22:16,Slum or Informal Settlement,"Goregaon East, Mumbai",3 to 4,,,,,,,,,,,,,,,,,,,,,,
10/1/2026 20:22:16,Apartment or Society,"Girgaon, Mumbai",3 to 4,,,,,,,,,,,,,,,,,,,,,,
10/1/2026 20:22:17,Apartment or Society,"Bandra West, Mumbai",3 to 4,,,,,,,,,,,,,,,,,,,,,,
10/1/2026 20:22:17,Apartment or Society,"Dadar East, Mumbai",3 to 4,,,,,,,,,,,,,,,,,,,,,,